Fantasquadra,Ruolo,Calciatore,Costo
Tanagro,P,Meret,11
Cuba Libre,P,Martinez Jo.,17
Juventus Tarantina,P,Svilar,18
Forzamessina,P,Maignan,15
Aquilerosanero,P,Butez,16
Athletic Sparta,P,Svilar,18
Manduria nerazzurra,P,Martinez Jo.,17
Real Torretta,P,Martinez Jo.,17
Atletico birra raffo,P,Svilar,18
Friariello,P,Meret,11
InfameDiPalla,P,Butez,16
Camerlonasoccer Team,P,Meret,11
Tanagro,P,Milinkovic-Savic V.,5
Cuba Libre,P,Provedel,2
Juventus Tarantina,P,De Marzi,1
Forzamessina,P,Corvi,1
Aquilerosanero,P,Tornqvist,1
Athletic Sparta,P,Corvi,1
Manduria nerazzurra,P,Provedel,2
Real Torretta,P,Provedel,2
Atletico birra raffo,P,Corvi,1
Friariello,P,Milinkovic-Savic V.,5
InfameDiPalla,P,Tornqvist,1
Camerlonasoccer Team,P,Milinkovic-Savic V.,5
Tanagro,P,Contini,1
Cuba Libre,P,Di Gennaro,1
Juventus Tarantina,P,Gollini,1
Forzamessina,P,Terracciano,1
Aquilerosanero,P,Vigorito,1
Athletic Sparta,P,Gollini,1
Manduria nerazzurra,P,Di Gennaro,1
Real Torretta,P,Di Gennaro,1
Atletico birra raffo,P,Gollini,1
Friariello,P,Contini,1
InfameDiPalla,P,Vigorito,1
Camerlonasoccer Team,P,Contini,1
Tanagro,D,Di Lorenzo,12
Cuba Libre,D,Dimarco,32
Juventus Tarantina,D,Bremer,15
Forzamessina,D,Dimarco,32
Aquilerosanero,D,Dimarco,32
Athletic Sparta,D,Bremer,15
Manduria nerazzurra,D,Stones,12
Real Torretta,D,Akanji,16
Atletico birra raffo,D,Cambiaso,9
Friariello,D,Chalobah T.,9
InfameDiPalla,D,Bremer,15
Camerlonasoccer Team,D,Rrahmani,14
Tanagro,D,Norton-Cuffy,8
Cuba Libre,D,Bartesaghi,8
Juventus Tarantina,D,Solet,13
Forzamessina,D,Cambiaso,9
Aquilerosanero,D,Molina N.,18
Athletic Sparta,D,Di Lorenzo,12
Manduria nerazzurra,D,Vojvoda,8
Real Torretta,D,Spence,12
Atletico birra raffo,D,Vojvoda,8
Friariello,D,Lucumì,8
InfameDiPalla,D,Ostigard,11
Camerlonasoccer Team,D,Chalobah T.,9
Tanagro,D,Dragusin,8
Cuba Libre,D,Bernasconi,6
Juventus Tarantina,D,Miranda J.,8
Forzamessina,D,Lucumì,8
Aquilerosanero,D,Solet,13
Athletic Sparta,D,Kristensen T.,7
Manduria nerazzurra,D,Kaiki,7
Real Torretta,D,Stones,12
Atletico birra raffo,D,Valdepenas,6
Friariello,D,Spinazzola,8
InfameDiPalla,D,Valdepenas,6
Camerlonasoccer Team,D,Norton-Cuffy,8
Tanagro,D,Bernasconi,6
Cuba Libre,D,Kamara H.,6
Juventus Tarantina,D,Doekhi,7
Forzamessina,D,Kelly L.,5
Aquilerosanero,D,Kaiki,7
Athletic Sparta,D,Bellanova,6
Manduria nerazzurra,D,Kristensen T.,7
Real Torretta,D,Hermoso,10
Atletico birra raffo,D,Rodriguez Ju.,3
Friariello,D,Kristensen T.,7
InfameDiPalla,D,Bernasconi,6
Camerlonasoccer Team,D,Bella-Kotchap,6
Tanagro,D,Hainaut,3
Cuba Libre,D,Kelly L.,5
Juventus Tarantina,D,Joao Mario,3
Forzamessina,D,Joao Mario,3
Aquilerosanero,D,Martin,5
Athletic Sparta,D,Zortea,6
Manduria nerazzurra,D,Bernasconi,6
Real Torretta,D,Provstgaard,3
Atletico birra raffo,D,Troilo,3
Friariello,D,Marcandalli,6
InfameDiPalla,D,Zortea,6
Camerlonasoccer Team,D,Troilo,3
Tanagro,D,Palma,2
Cuba Libre,D,Olivera,5
Juventus Tarantina,D,Cinquegrano,1
Forzamessina,D,Hainaut,3
Aquilerosanero,D,Marin R.,2
Athletic Sparta,D,Cinquegrano,1
Manduria nerazzurra,D,Rodriguez Ju.,3
Real Torretta,D,Palma,2
Atletico birra raffo,D,Carboni A.,3
Friariello,D,Marusic,6
InfameDiPalla,D,Puczka,2
Camerlonasoccer Team,D,Joao Mario,3
Tanagro,D,Cinquegrano,1
Cuba Libre,D,Carboni F.,1
Juventus Tarantina,D,Odenthal,1
Forzamessina,D,Palma,2
Aquilerosanero,D,Cabal,1
Athletic Sparta,D,Ndiaye,1
Manduria nerazzurra,D,Antov,1
Real Torretta,D,Abankwah,1
Atletico birra raffo,D,Palma,2
Friariello,D,Olivera,5
InfameDiPalla,D,Cabal,1
Camerlonasoccer Team,D,Kossounou,3
Tanagro,C,Paz N.,30
Cuba Libre,C,Paz N.,30
Juventus Tarantina,C,McTominay,28
Forzamessina,C,McTominay,28
Aquilerosanero,C,Paz N.,30
Athletic Sparta,C,Paz N.,30
Manduria nerazzurra,C,Calhanoglu,27
Real Torretta,C,Calhanoglu,27
Atletico birra raffo,C,Paz N.,30
Friariello,C,McTominay,28
InfameDiPalla,C,Paz N.,30
Camerlonasoccer Team,C,Paz N.,30
Tanagro,C,McTominay,28
Cuba Libre,C,Modric,12
Juventus Tarantina,C,Zaniolo,18
Forzamessina,C,Zaniolo,18
Aquilerosanero,C,Mastantuono,12
Athletic Sparta,C,McTominay,28
Manduria nerazzurra,C,Vlasic,14
Real Torretta,C,Baturina,19
Atletico birra raffo,C,Zaccagni,16
Friariello,C,Atta,17
InfameDiPalla,C,Baturina,19
Camerlonasoccer Team,C,McTominay,28
Tanagro,C,Vlasic,14
Cuba Libre,C,Diouf,8
Juventus Tarantina,C,Gudmundsson A.,13
Forzamessina,C,Mastantuono,12
Aquilerosanero,C,Vergara,8
Athletic Sparta,C,Orsolini,26
Manduria nerazzurra,C,Mastantuono,12
Real Torretta,C,Atta,17
Atletico birra raffo,C,Vlasic,14
Friariello,C,Moreira,12
InfameDiPalla,C,McKennie,17
Camerlonasoccer Team,C,Baturina,19
Tanagro,C,Gudmundsson A.,13
Cuba Libre,C,Gaetano,7
Juventus Tarantina,C,Samardzic,12
Forzamessina,C,Conceicao,12
Aquilerosanero,C,Diouf,8
Athletic Sparta,C,Bakola,5
Manduria nerazzurra,C,Diouf,8
Real Torretta,C,Jones C.,12
Atletico birra raffo,C,Gudmundsson A.,13
Friariello,C,Politano,10
InfameDiPalla,C,Vlasic,14
Camerlonasoccer Team,C,Ekkelenkamp,10
Tanagro,C,Ekkelenkamp,10
Cuba Libre,C,Lobotka,7
Juventus Tarantina,C,Rowe,11
Forzamessina,C,Frattesi,7
Aquilerosanero,C,Calò,7
Athletic Sparta,C,Fofana Sa.,1
Manduria nerazzurra,C,Fazzini,7
Real Torretta,C,Adzic,5
Atletico birra raffo,C,Diouf,8
Friariello,C,Vergara,8
InfameDiPalla,C,Alajbegovic,12
Camerlonasoccer Team,C,Frattesi,7
Tanagro,C,Adzic,5
Cuba Libre,C,Amondarain,5
Juventus Tarantina,C,Forson O.,1
Forzamessina,C,Adzic,5
Aquilerosanero,C,Masini,2
Athletic Sparta,C,Gorter,1
Manduria nerazzurra,C,Frattesi,7
Real Torretta,C,Deiola,3
Atletico birra raffo,C,Adzic,5
Friariello,C,Frattesi,7
InfameDiPalla,C,Gaetano,7
Camerlonasoccer Team,C,Sorensen O.,3
Tanagro,C,Cissè A.,3
Cuba Libre,C,Matic,5
Juventus Tarantina,C,Zarraga,1
Forzamessina,C,Douglas Luiz,4
Aquilerosanero,C,Maleh,2
Athletic Sparta,C,Forson O.,1
Manduria nerazzurra,C,Adzic,5
Real Torretta,C,Fadera,2
Atletico birra raffo,C,Busio,5
Friariello,C,Chukwueze,6
InfameDiPalla,C,Maleh,2
Camerlonasoccer Team,C,Brescianini,3
Tanagro,C,Forson O.,1
Cuba Libre,C,Kone B.,1
Juventus Tarantina,C,Belahyane,1
Forzamessina,C,Ordonez C.,2
Aquilerosanero,C,Kaba,1
Athletic Sparta,C,Zarraga,1
Manduria nerazzurra,C,Stankovic A.,3
Real Torretta,C,Forson O.,1
Atletico birra raffo,C,Comotto,1
Friariello,C,Traorè Hj.,5
InfameDiPalla,C,Belahyane,1
Camerlonasoccer Team,C,Ilic,1
Tanagro,A,Hojlund,28
Cuba Libre,A,Martinez L.,35
Juventus Tarantina,A,Martinez L.,35
Forzamessina,A,Martinez L.,35
Aquilerosanero,A,Martinez L.,35
Athletic Sparta,A,Malen,34
Manduria nerazzurra,A,Martinez L.,35
Real Torretta,A,Martinez L.,35
Atletico birra raffo,A,Martinez L.,35
Friariello,A,Hojlund,28
InfameDiPalla,A,Malen,34
Camerlonasoccer Team,A,Hojlund,28
Tanagro,A,Ramos G.,27
Cuba Libre,A,Yildiz,23
Juventus Tarantina,A,Malen,34
Forzamessina,A,Hojlund,28
Aquilerosanero,A,Malen,34
Athletic Sparta,A,Ramos G.,27
Manduria nerazzurra,A,Malen,34
Real Torretta,A,Malen,34
Atletico birra raffo,A,Ramos G.,27
Friariello,A,Ramos G.,27
InfameDiPalla,A,Kean,25
Camerlonasoccer Team,A,Kean,25
Tanagro,A,Kolo Muani,26
Cuba Libre,A,Douvikas,20
Juventus Tarantina,A,Kolo Muani,26
Forzamessina,A,Dia,10
Aquilerosanero,A,Adams A.,12
Athletic Sparta,A,Kolo Muani,26
Manduria nerazzurra,A,Esposito F.P.,16
Real Torretta,A,Romero D.,10
Atletico birra raffo,A,Kolo Muani,26
Friariello,A,Kean,25
InfameDiPalla,A,Scamacca,19
Camerlonasoccer Team,A,De Ketelaere,17
Tanagro,A,Raimondo,7
Cuba Libre,A,Raspadori,13
Juventus Tarantina,A,Lauberbach,1
Forzamessina,A,Maldini,5
Aquilerosanero,A,Buksa *,2
Athletic Sparta,A,Lontani,1
Manduria nerazzurra,A,Santos A.,14
Real Torretta,A,Piccoli,8
Atletico birra raffo,A,Pellegrino M.,15
Friariello,A,Piccoli,8
InfameDiPalla,A,Varela G.,3
Camerlonasoccer Team,A,Adams A.,12
Tanagro,A,Lontani,1
Cuba Libre,A,Vaz,1
Juventus Tarantina,A,Bayo V.,1
Forzamessina,A,Lucca,3
Aquilerosanero,A,Vaz,1
Athletic Sparta,A,Bayo V.,1
Manduria nerazzurra,A,N'Dri,3
Real Torretta,A,Lontani,1
Atletico birra raffo,A,Lontani,1
Friariello,A,Ekhator,3
InfameDiPalla,A,Buksa *,2
Camerlonasoccer Team,A,Lucca,3
Gallipoli 2023,P,Butez,16
Squirting Lisbona,P,Butez,16
E-Team,P,Carnesecchi,16
Paris Saint Gennaro,P,Meret,11
Atletico Mandrillo,P,Butez,16
Castellaneta Marina,P,Svilar,18
Gallipoli 2023,P,Provedel,2
Squirting Lisbona,P,Tornqvist,1
E-Team,P,Vismara,1
Paris Saint Gennaro,P,Milinkovic-Savic V.,5
Atletico Mandrillo,P,Tornqvist,1
Castellaneta Marina,P,Provedel,2
Gallipoli 2023,P,Tornqvist,1
Squirting Lisbona,P,Vigorito,1
E-Team,P,Sportiello,1
Paris Saint Gennaro,P,Paleari,1
Atletico Mandrillo,P,Vigorito,1
Castellaneta Marina,P,Gollini,1
Gallipoli 2023,D,Spence,12
Squirting Lisbona,D,Dimarco,32
E-Team,D,Wesley,17
Paris Saint Gennaro,D,Wesley,17
Atletico Mandrillo,D,Couto,8
Castellaneta Marina,D,Bremer,15
Gallipoli 2023,D,Di Lorenzo,12
Squirting Lisbona,D,Molina N.,18
E-Team,D,Gila,12
Paris Saint Gennaro,D,Di Lorenzo,12
Atletico Mandrillo,D,Viery,6
Castellaneta Marina,D,Mancini,15
Gallipoli 2023,D,Vasquez,9
Squirting Lisbona,D,Wesley,17
E-Team,D,Cambiaso,9
Paris Saint Gennaro,D,Lucumì,8
Atletico Mandrillo,D,Valdepenas,6
Castellaneta Marina,D,Vojvoda,8
Gallipoli 2023,D,Valdepenas,6
Squirting Lisbona,D,Couto,8
E-Team,D,Kristensen T.,7
Paris Saint Gennaro,D,Vojvoda,8
Atletico Mandrillo,D,Bernasconi,6
Castellaneta Marina,D,Kristensen T.,7
Gallipoli 2023,D,De Winter,3
Squirting Lisbona,D,Valdepenas,6
E-Team,D,Valdepenas,6
Paris Saint Gennaro,D,Doekhi,7
Atletico Mandrillo,D,Birindelli,4
Castellaneta Marina,D,Birindelli,4
Gallipoli 2023,D,Ndiaye,1
Squirting Lisbona,D,Valenti,4
E-Team,D,Bakoune,1
Paris Saint Gennaro,D,Circati *,6
Atletico Mandrillo,D,Terzic,4
Castellaneta Marina,D,Joao Mario,3
Gallipoli 2023,D,Odenthal,1
Squirting Lisbona,D,Marin R.,2
E-Team,D,Missori,1
Paris Saint Gennaro,D,Correia T.,4
Atletico Mandrillo,D,Cabal,1
Castellaneta Marina,D,Ziolkowski,1
Gallipoli 2023,C,McTominay,28
Squirting Lisbona,C,Vlasic,14
E-Team,C,McTominay,28
Paris Saint Gennaro,C,Calhanoglu,27
Atletico Mandrillo,C,Baturina,19
Castellaneta Marina,C,Calhanoglu,27
Gallipoli 2023,C,Calhanoglu,27
Squirting Lisbona,C,Gudmundsson A.,13
E-Team,C,Alajbegovic,12
Paris Saint Gennaro,C,Atta,17
Atletico Mandrillo,C,Da Cunha,18
Castellaneta Marina,C,Zielinski,10
Gallipoli 2023,C,Baturina,19
Squirting Lisbona,C,Ekkelenkamp,10
E-Team,C,Mastantuono,12
Paris Saint Gennaro,C,Ekkelenkamp,10
Atletico Mandrillo,C,Atta,17
Castellaneta Marina,C,Bernardeschi,9
Gallipoli 2023,C,Mastantuono,12
Squirting Lisbona,C,Liberali,6
E-Team,C,Rowe,11
Paris Saint Gennaro,C,Fazzini,7
Atletico Mandrillo,C,Barella,17
Castellaneta Marina,C,Sucic P.,8
Gallipoli 2023,C,Moreira,12
Squirting Lisbona,C,Adzic,5
E-Team,C,Zielinski,10
Paris Saint Gennaro,C,Gaetano,7
Atletico Mandrillo,C,Conceicao,12
Castellaneta Marina,C,Frattesi,7
Gallipoli 2023,C,Stankovic A.,3
Squirting Lisbona,C,Loftus-Cheek,4
E-Team,C,Busio,5
Paris Saint Gennaro,C,Nicolussi Caviglia,6
Atletico Mandrillo,C,Ederson D.S.,12
Castellaneta Marina,C,Adzic,5
Gallipoli 2023,C,El Azzouzi A.,1
Squirting Lisbona,C,Kaba,1
E-Team,C,Cissè A.,3
Paris Saint Gennaro,C,Meichtry,5
Atletico Mandrillo,C,Frattesi,7
Castellaneta Marina,C,El Azzouzi A.,1
Gallipoli 2023,C,Forson O.,1
Squirting Lisbona,C,Zarraga,1
E-Team,C,Forson O.,1
Paris Saint Gennaro,C,Gandelman,5
Atletico Mandrillo,C,Ilic,1
Castellaneta Marina,C,Zarraga,1
Gallipoli 2023,A,Martinez L.,35
Squirting Lisbona,A,Malen,34
E-Team,A,Martinez L.,35
Paris Saint Gennaro,A,Malen,34
Atletico Mandrillo,A,Malen,34
Castellaneta Marina,A,Martinez L.,35
Gallipoli 2023,A,Hojlund,28
Squirting Lisbona,A,Hojlund,28
E-Team,A,Malen,34
Paris Saint Gennaro,A,Yildiz,23
Atletico Mandrillo,A,Ramos G.,27
Castellaneta Marina,A,Ramos G.,27
Gallipoli 2023,A,Davis K.,19
Squirting Lisbona,A,Ramos G.,27
E-Team,A,Kolo Muani,26
Paris Saint Gennaro,A,Tourè E.,11
Atletico Mandrillo,A,Simeone,15
Castellaneta Marina,A,Kolo Muani,26
Gallipoli 2023,A,Lauberbach,1
Squirting Lisbona,A,Lisman,1
E-Team,A,Lontani,1
Paris Saint Gennaro,A,Bowie,10
Atletico Mandrillo,A,Castro S.,14
Castellaneta Marina,A,Santos A.,14
Gallipoli 2023,A,Lisman,1
Squirting Lisbona,A,Azon,1
E-Team,A,Lauberbach,1
Paris Saint Gennaro,A,Cutrone,9
Atletico Mandrillo,A,Lisman,1
Castellaneta Marina,A,Neres,6
